Designator,Mid X,Mid Y,Rotation,Layer
_1000,302.75,-226.441,180.0,top
_999,435.755,-85.471,0.0,top
_998,311.621675,-318.516,180.0,top
_997,258.227325,-170.63335,0.0,top
_996,368.245675,-226.441,180.0,top
_995,20.01165,-169.34565,0.0,top
_994,83.203,-85.67035,0.0,top
_993,34.47135,-341.44835,180.0,top
_992,234.986325,-176.85635,0.0,top
_991,258.590325,-405.3663,180.0,top
_990,171.740325,-176.657,0.0,top
_989,21.191,-423.672,180.0,top
_988,118.56365,-176.657,0.0,top
_987,293.642325,-410.13765,180.0,top
_986,84.092025,-342.33735,180.0,top
_985,21.13635,-324.55735,180.0,top
_984,290.684975,-176.7663,0.0,top
_983,399.143,-414.147,180.0,top
_982,194.963,-255.016,0.0,top
_981,292.971,-249.555,180.0,top
_980,153.651675,-85.28935,0.0,top
_979,220.490325,-433.0523,180.0,top
_978,121.176,-62.04835,0.0,top
_977,372.926325,-62.357,0.0,top
_976,258.172675,-91.7117,0.0,top
_975,221.742,-273.177,0.0,top
_974,372.853975,-176.96565,0.0,top
_973,448.038,-405.765,180.0,top
_972,247.432325,-153.74235,0.0,top
_971,293.007325,-433.25165,180.0,top
_970,50.99935,-341.57535,180.0,top
_969,111.905,-62.04835,0.0,top
_968,431.528,-410.337,180.0,top
_967,216.897675,-85.4887,0.0,top
_966,398.09065,-154.23265,0.0,top
_965,48.659,-61.849,0.0,top
_964,55.39,-61.849,0.0,top
_963,31.93135,-341.44835,180.0,top
_962,335.84235,-314.833,180.0,top
_961,428.95135,-342.08335,180.0,top
_960,131.971,-71.31935,0.0,top
_959,169.944025,-341.6477,180.0,top
_958,84.092025,-311.98435,180.0,top
_957,194.981325,-190.627,0.0,top
_956,209.695325,-403.5883,180.0,top
_955,21.13635,-322.14435,180.0,top
_954,196.160675,-417.14035,180.0,top
_953,320.529975,-183.1163,0.0,top
_952,446.677,-69.088,0.0,top
_951,209.404675,-74.3127,0.0,top
_950,397.782,-97.663,0.0,top
_949,272.905,-230.251,180.0,top
_948,305.326325,-410.13765,180.0,top
_947,447.72935,-349.19535,180.0,top
_946,321.654675,-329.692,180.0,top
_945,188.613025,-318.4067,180.0,top
_944,397.909,-66.802,0.0,top
_943,271.580325,-97.46365,0.0,top
_942,355.90835,-341.757,180.0,top
_941,146.086325,-188.849,0.0,top
_940,238.106675,-62.2477,0.0,top
_939,398.09065,-146.61265,0.0,top
_938,290.666975,-153.5253,0.0,top
_937,321.781675,-314.071,180.0,top
_936,194.981325,-180.467,0.0,top
_935,121.23065,-153.543,0.0,top
_934,232.936325,-409.9383,180.0,top
_933,107.333025,-318.33435,180.0,top
_932,177.237675,-410.02835,180.0,top
_931,384.48335,-341.376,180.0,top
_930,146.158675,-78.05035,0.0,top
_929,368.24535,-341.884,180.0,top
_928,224.282,-273.177,0.0,top
_927,146.158675,-66.49335,0.0,top
_926,209.695325,-426.3213,180.0,top
_925,209.695325,-395.9683,180.0,top
_924,162.578,-268.859,0.0,top
_923,27.50465,-176.58465,0.0,top
_922,146.031675,-97.35435,0.0,top
_921,179.723025,-318.5337,180.0,top
_920,302.786325,-410.13765,180.0,top
_919,258.336325,-432.6713,180.0,top
_918,50.98135,-318.33435,180.0,top
_917,209.459325,-169.74435,0.0,top
_916,132.733025,-348.68735,180.0,top
_915,305.271675,-318.643,180.0,top
_914,437.878,-410.21,180.0,top
_913,353.912975,-153.72465,0.0,top
_912,53.53935,-341.57535,180.0,top
_911,355.926675,-249.555,180.0,top
_910,146.158675,-74.11335,0.0,top
_909,229.761325,-433.0523,180.0,top
_908,20.01165,-176.96565,0.0,top
_907,405.402,-85.598,0.0,top
_906,158.260025,-318.5337,180.0,top
_905,20.084,-54.61,0.0,top
_904,446.677,-81.661,0.0,top
_903,147.392675,-403.67835,180.0,top
_902,118.509,-85.16235,0.0,top
_901,239.522,-273.177,0.0,top
_900,220.617325,-409.9383,180.0,top
_899,196.106025,-318.0257,180.0,top
_898,48.07865,-176.45765,0.0,top
_897,345.040975,-177.09265,0.0,top
_896,383.775975,-180.77565,0.0,top
_895,194.963,-262.636,0.0,top
_894,70.03135,-306.14235,180.0,top
_893,196.033675,-440.38135,180.0,top
_892,83.112325,-281.051,0.0,top
_891,90.696,-85.28935,0.0,top
_890,307.140325,-62.15765,0.0,top
_889,95.014025,-318.33435,180.0,top
_888,368.263675,-249.682,180.0,top
_887,249.682,-273.177,0.0,top
_886,384.73735,-314.071,180.0,top
_885,370.259325,-85.471,0.0,top
_884,162.56,-245.618,0.0,top
_883,146.322,-238.506,0.0,top
_882,309.553325,-85.27165,0.0,top
_881,194.981325,-152.654,0.0,top
_880,102.16265,-153.416,0.0,top
_879,321.582325,-440.49065,180.0,top
_878,271.634975,-188.9583,0.0,top
_877,209.640675,-314.63365,180.0,top
_876,68.77965,-180.26765,0.0,top
_875,412.55035,-318.84235,180.0,top
_874,184.059325,-176.657,0.0,top
_873,234.931675,-85.3617,0.0,top
_872,446.73165,-180.77565,0.0,top
_871,131.971,-99.13235,0.0,top
_870,271.707325,-85.77965,0.0,top
_869,272.941325,-406.32765,180.0,top
_868,334.880975,-189.15765,0.0,top
_867,335.84235,-335.026,180.0,top
_866,53.594,-433.07,180.0,top
_865,125.367025,-318.20735,180.0,top
_864,397.909,-85.979,0.0,top
_863,446.677,-91.821,0.0,top
_862,146.195,-261.747,0.0,top
_861,174.225675,-85.16235,0.0,top
_860,335.134975,-154.23265,0.0,top
_859,335.897,-416.36065,180.0,top
_858,21.191,-416.052,180.0,top
_857,19.957,-85.471,0.0,top
_856,232.301325,-433.0523,180.0,top
_855,242.025675,-318.44365,180.0,top
_854,335.897,-413.94765,180.0,top
_853,167.404025,-341.6477,180.0,top
_852,335.860675,-240.284,180.0,top
_851,321.673,-233.553,180.0,top
_850,321.836325,-405.56565,180.0,top
_849,225.842325,-176.85635,0.0,top
_848,272.905,-250.444,180.0,top
_847,258.408675,-337.11265,180.0,top
_846,271.707325,-74.22265,0.0,top
_845,307.067975,-176.7663,0.0,top
_844,83.13065,-188.849,0.0,top
_843,399.143,-424.18,180.0,top
_842,146.213325,-177.165,0.0,top
_841,181.646325,-153.543,0.0,top
_840,271.707325,-66.60265,0.0,top
_839,132.860025,-337.00335,180.0,top
_838,83.25765,-165.608,0.0,top
_837,370.386325,-62.357,0.0,top
_836,435.93665,-153.85165,0.0,top
_835,384.792,-405.56565,180.0,top
_834,293.606,-226.441,180.0,top
_833,320.529975,-162.9233,0.0,top
_832,230.341675,-318.44365,180.0,top
_831,384.538,-432.87065,180.0,top
_830,160.800025,-318.5337,180.0,top
_829,446.677,-79.248,0.0,top
_828,421.69435,-341.95635,180.0,top
_827,271.888975,-154.0333,0.0,top
_826,132.007325,-282.829,0.0,top
_825,248.375675,-318.31665,180.0,top
_824,292.952675,-341.757,180.0,top
_823,83.38465,-146.304,0.0,top
_822,132.007325,-272.669,0.0,top
_821,423.49065,-176.96565,0.0,top
_820,244.602,-224.917,0.0,top
_819,272.886675,-335.026,180.0,top
_818,146.340325,-153.924,0.0,top
_817,44.432,-409.829,180.0,top
_816,132.007325,-244.856,0.0,top
_815,209.695325,-433.9413,180.0,top
_814,160.727675,-433.14235,180.0,top
_813,69.90435,-337.00335,180.0,top
_812,90.75065,-176.784,0.0,top
_811,230.378,-224.917,0.0,top
_810,363.709975,-153.85165,0.0,top
_809,109.401325,-245.745,0.0,top
_808,365.70535,-341.884,180.0,top
_807,122.881675,-409.702,180.0,top
_806,258.227325,-180.66635,0.0,top
_805,102.144325,-245.618,0.0,top
_804,34.526,-432.943,180.0,top
_803,174.915325,-153.543,0.0,top
_802,334.880975,-181.53765,0.0,top
_801,220.218,-224.917,0.0,top
_800,209.332325,-181.42835,0.0,top
_799,349.359,-410.13765,180.0,top
_798,174.897,-245.745,0.0,top
_797,342.446325,-85.598,0.0,top
_796,242.043675,-341.68465,180.0,top
_795,107.387675,-409.829,180.0,top
_794,358.44835,-341.757,180.0,top
_793,258.227325,-152.85335,0.0,top
_792,410.065,-410.337,180.0,top
_791,121.212325,-245.745,0.0,top
_790,19.957,-73.914,0.0,top
_789,247.305325,-176.85635,0.0,top
_788,377.172,-410.01065,180.0,top
_787,320.475325,-71.42865,0.0,top
_786,209.531675,-55.0087,0.0,top
_785,114.009675,-433.07,180.0,top
_784,296.182325,-410.13765,180.0,top
_783,447.85635,-337.51135,180.0,top
_782,426.611,-62.357,0.0,top
_781,360.480325,-85.471,0.0,top
_780,361.169975,-153.85165,0.0,top
_779,147.392675,-396.05835,180.0,top
_778,349.30435,-318.643,180.0,top
_777,250.915675,-318.31665,180.0,top
_776,383.775975,-160.58265,0.0,top
_775,414.274,-62.23,0.0,top
_774,397.909,-78.359,0.0,top
_773,321.709325,-417.24965,180.0,top
_772,272.941325,-413.94765,180.0,top
_771,446.677,-71.628,0.0,top
_770,320.529975,-170.5433,0.0,top
_769,69.959,-420.878,180.0,top
_768,69.959,-416.941,180.0,top
_767,383.775975,-152.96265,0.0,top
_766,38.93465,-176.45765,0.0,top
_765,239.522,-224.917,0.0,top
_764,41.20235,-341.44835,180.0,top
_763,258.463325,-428.6073,180.0,top
_762,116.477025,-318.33435,180.0,top
_761,383.775975,-173.15565,0.0,top
_760,58.42,-208.407,270.0,top
_759,184.186325,-153.543,0.0,top
_758,452.12,-210.312,0.0,top
_757,184.004675,-85.16235,0.0,top
_756,384.501675,-256.794,180.0,top
_755,69.959,-409.321,180.0,top
_754,365.742,-410.13765,180.0,top
_753,21.13635,-334.71735,180.0,top
_752,21.13635,-311.98435,180.0,top
_751,335.897,-426.52065,180.0,top
_750,232.881675,-318.44365,180.0,top
_749,283.7,-249.555,180.0,top
_748,281.740325,-85.39865,0.0,top
_747,146.068,-281.051,0.0,top
_746,346.819,-410.13765,180.0,top
_745,346.655675,-249.555,180.0,top
_744,188.667675,-409.90135,180.0,top
_743,19.88465,-181.02965,0.0,top
_742,177.201025,-341.7747,180.0,top
_741,398.036,-55.118,0.0,top
_740,108.78465,-176.657,0.0,top
_739,335.860675,-242.824,180.0,top
_738,170.579025,-318.5337,180.0,top
_737,414.32865,-153.72465,0.0,top
_736,196.287675,-405.45635,180.0,top
_735,68.77965,-182.80765,0.0,top
_734,239.485675,-318.44365,180.0,top
_733,412.478,-433.451,180.0,top
_732,384.792,-397.94565,180.0,top
_731,43.74235,-341.44835,180.0,top
_730,111.95965,-153.543,0.0,top
_729,158.314675,-410.02835,180.0,top
_728,295.492675,-341.757,180.0,top
_727,209.332325,-189.04835,0.0,top
_726,69.959,-428.498,180.0,top
_725,399.08835,-322.65235,180.0,top
_724,153.706325,-176.784,0.0,top
_723,108.73,-85.16235,0.0,top
_722,99.568,-61.92135,0.0,top
_721,196.160675,-421.07735,180.0,top
_720,36.39465,-176.45765,0.0,top
_719,235.458,-224.917,0.0,top
_718,397.96365,-158.29665,0.0,top
_717,321.836325,-397.94565,180.0,top
_716,21.191,-413.639,180.0,top
_715,34.653,-409.829,180.0,top
_714,147.392675,-406.21835,180.0,top
_713,209.640675,-332.28665,180.0,top
_712,84.146675,-413.639,180.0,top
_711,70.086,-397.637,180.0,top
_710,220.562675,-318.44365,180.0,top
_709,19.83,-89.535,0.0,top
_708,397.909,-74.422,0.0,top
_707,146.213325,-157.988,0.0,top
_706,106.698025,-341.44835,180.0,top
_705,230.396325,-409.9383,180.0,top
_704,272.941325,-416.36065,180.0,top
_703,384.755675,-214.249,180.0,top
_702,48.024,-84.963,0.0,top
_701,209.695325,-416.1613,180.0,top
_700,334.953325,-85.979,0.0,top
_699,297.923975,-153.6523,0.0,top
_698,428.93335,-318.84235,180.0,top
_697,302.749675,-341.884,180.0,top
_696,83.076,-89.73435,0.0,top
_695,297.234325,-85.27165,0.0,top
_694,196.160675,-428.69735,180.0,top
_693,104.158025,-341.44835,180.0,top
_692,416.832,-85.471,0.0,top
_691,335.860675,-220.091,180.0,top
_690,147.338025,-332.3767,180.0,top
_689,271.761975,-165.7173,0.0,top
_688,447.784,-433.07,180.0,top
_687,429.006,-433.578,180.0,top
_686,111.27,-85.16235,0.0,top
_685,132.914675,-416.941,180.0,top
_684,320.529975,-160.3833,0.0,top
_683,446.73165,-173.15565,0.0,top
_682,399.143,-396.367,180.0,top
_681,223.030325,-433.0523,180.0,top
_680,410.01035,-318.84235,180.0,top
_679,446.677,-89.281,0.0,top
_678,97.481675,-432.943,180.0,top
_677,321.654675,-318.135,180.0,top
_676,335.860675,-222.631,180.0,top
_675,133.041675,-397.637,180.0,top
_674,237.526325,-176.85635,0.0,top
_673,174.262,-268.859,0.0,top
_672,272.941325,-403.78765,180.0,top
_671,346.63735,-341.757,180.0,top
_670,314.216325,-410.01065,180.0,top
_669,232.246675,-341.55765,180.0,top
_668,156.246325,-176.784,0.0,top
_667,254.762,-273.177,0.0,top
_666,132.007325,-265.049,0.0,top
_665,383.721325,-81.661,0.0,top
_664,38.91665,-153.21665,0.0,top
_663,384.665,-428.80665,180.0,top
_662,447.85635,-329.89135,180.0,top
_661,68.725,-68.58,0.0,top
_660,363.655325,-62.357,0.0,top
_659,165.081675,-85.16235,0.0,top
_658,131.971,-91.51235,0.0,top
_657,247.250675,-85.3617,0.0,top
_656,70.086,-405.257,180.0,top
_655,53.52135,-318.33435,180.0,top
_654,321.8,-214.249,180.0,top
_653,399.08835,-304.87235,180.0,top
_652,132.02565,-162.814,0.0,top
_651,258.535675,-306.25165,180.0,top
_650,212.598,-224.917,0.0,top
_649,228.327675,-85.3617,0.0,top
_648,272.905,-220.091,180.0,top
_647,69.832,-432.562,180.0,top
_646,196.233025,-313.9617,180.0,top
_645,179.795675,-433.26935,180.0,top
_644,309.680325,-62.15765,0.0,top
_643,160.673025,-341.6477,180.0,top
_642,272.941325,-426.52065,180.0,top
_641,335.84235,-332.486,180.0,top
_640,279.254975,-176.8933,0.0,top
_639,433.215,-85.471,0.0,top
_638,335.897,-403.78765,180.0,top
_637,384.73735,-306.451,180.0,top
_636,320.475325,-79.04865,0.0,top
_635,21.191,-395.859,180.0,top
_634,258.172675,-61.3587,0.0,top
_633,419.209,-433.451,180.0,top
_632,195.979025,-348.8867,180.0,top
_631,355.963,-433.25165,180.0,top
_630,349.17735,-341.757,180.0,top
_629,194.981325,-183.007,0.0,top
_628,446.677,-99.441,0.0,top
_627,172.375325,-153.543,0.0,top
_626,446.73165,-183.31565,0.0,top
_625,447.98335,-306.65035,180.0,top
_624,321.654675,-337.312,180.0,top
_623,227.838,-224.917,0.0,top
_622,68.725,-60.96,0.0,top
_621,194.926675,-61.15935,0.0,top
_620,359.101675,-226.441,180.0,top
_619,69.90435,-329.38335,180.0,top
_618,132.007325,-262.636,0.0,top
_617,83.203,-78.05035,0.0,top
_616,346.692,-433.25165,180.0,top
_615,32.05835,-318.33435,180.0,top
_614,258.281675,-341.17665,180.0,top
_613,405.45665,-177.09265,0.0,top
_612,446.677,-61.468,0.0,top
_611,146.086325,-181.229,0.0,top
_610,69.77735,-348.68735,180.0,top
_609,172.320675,-62.04835,0.0,top
_608,384.628675,-233.553,180.0,top
_607,196.106025,-337.2027,180.0,top
_606,45.53865,-176.45765,0.0,top
_605,283.736325,-433.25165,180.0,top
_604,223.102675,-318.44365,180.0,top
_603,209.640675,-334.82665,180.0,top
_602,286.24,-249.555,180.0,top
_601,132.860025,-325.44635,180.0,top
_600,146.031675,-89.73435,0.0,top
_599,295.511,-249.555,180.0,top
_598,242.098325,-433.1793,180.0,top
_597,281.794975,-176.8933,0.0,top
_596,113.991675,-409.829,180.0,top
_595,295.547325,-433.25165,180.0,top
_594,132.02565,-172.847,0.0,top
_593,69.90435,-325.44635,180.0,top
_592,179.777675,-410.02835,180.0,top
_591,321.673,-245.11,180.0,top
_590,36.37665,-153.21665,0.0,top
_589,302.804325,-433.37865,180.0,top
_588,109.365,-62.04835,0.0,top
_587,397.83665,-189.15765,0.0,top
_586,320.529975,-172.9563,0.0,top
_585,84.146675,-416.052,180.0,top
_584,412.42335,-341.95635,180.0,top
_583,272.886675,-312.293,180.0,top
_582,321.8,-221.869,180.0,top
_581,68.77965,-172.64765,0.0,top
_580,372.980975,-153.85165,0.0,top
_579,397.96365,-177.47365,0.0,top
_578,209.640675,-342.44665,180.0,top
_577,271.761975,-158.0973,0.0,top
_576,271.761975,-169.6543,0.0,top
_575,258.227325,-163.01335,0.0,top
_574,235.566675,-62.2477,0.0,top
_573,236.982,-273.177,0.0,top
_572,97.427025,-341.44835,180.0,top
_571,99.604325,-245.618,0.0,top
_570,99.62265,-153.416,0.0,top
_569,194.963,-244.856,0.0,top
_568,346.76435,-318.643,180.0,top
_567,84.146675,-433.832,180.0,top
_566,271.580325,-89.84365,0.0,top
_565,399.143,-406.527,180.0,top
_564,194.981325,-172.847,0.0,top
_563,320.475325,-68.88865,0.0,top
_562,272.886675,-342.646,180.0,top
_561,132.733025,-341.06735,180.0,top
_560,321.546,-256.794,180.0,top
_559,68.77965,-170.23465,0.0,top
_558,158.187675,-433.14235,180.0,top
_557,272.886675,-324.866,180.0,top
_556,156.191675,-85.28935,0.0,top
_555,311.676325,-410.01065,180.0,top
_554,258.172675,-79.1387,0.0,top
_553,222.975675,-341.55765,180.0,top
_552,209.640675,-322.25365,180.0,top
_551,448.038,-398.145,180.0,top
_550,194.963,-275.209,0.0,top
_549,399.143,-403.987,180.0,top
_548,165.118325,-153.416,0.0,top
_547,290.630325,-85.27165,0.0,top
_546,419.78935,-318.84235,180.0,top
_545,258.227325,-160.47335,0.0,top
_544,447.784,-440.69,180.0,top
_543,97.608675,-409.829,180.0,top
_542,299.828975,-176.7663,0.0,top
_541,84.146675,-426.212,180.0,top
_540,83.076,-97.35435,0.0,top
_539,374.632,-410.01065,180.0,top
_538,132.860025,-317.82635,180.0,top
_537,425.976,-85.471,0.0,top
_536,21.191,-433.832,180.0,top
_535,84.092025,-314.52435,180.0,top
_534,34.59835,-318.33435,180.0,top
_533,283.827,-226.441,180.0,top
_532,225.787675,-85.3617,0.0,top
_531,132.02565,-160.274,0.0,top
_530,181.591675,-62.04835,0.0,top
_529,102.108,-61.92135,0.0,top
_528,288.090325,-85.27165,0.0,top
_527,397.96365,-169.85365,0.0,top
_526,132.007325,-252.476,0.0,top
_525,147.392675,-416.25135,180.0,top
_524,377.11735,-318.516,180.0,top
_523,55.263,-84.963,0.0,top
_522,271.707325,-78.15965,0.0,top
_521,279.200325,-85.39865,0.0,top
_520,321.673,-225.933,180.0,top
_519,383.721325,-69.088,0.0,top
_518,258.408675,-325.55565,180.0,top
_517,447.911,-421.386,180.0,top
_516,94.941675,-432.943,180.0,top
_515,215.138,-224.917,0.0,top
_514,258.172675,-68.9787,0.0,top
_513,286.367,-226.441,180.0,top
_512,132.860025,-329.38335,180.0,top
_511,172.357,-245.745,0.0,top
_510,297.288975,-176.7663,0.0,top
_509,334.953325,-74.422,0.0,top
_508,62.41135,-318.20735,180.0,top
_507,335.897,-434.14065,180.0,top
_506,446.73165,-160.58265,0.0,top
_505,131.971,-68.77935,0.0,top
_504,43.797,-432.943,180.0,top
_503,132.987025,-306.14235,180.0,top
_502,179.741025,-341.7747,180.0,top
_501,305.289675,-341.884,180.0,top
_500,288.072325,-62.03065,0.0,top
_499,69.77735,-341.06735,180.0,top
_498,271.888975,-146.4133,0.0,top
_497,307.194975,-153.6523,0.0,top
_496,258.590325,-397.7463,180.0,top
_495,305.29,-226.441,180.0,top
_494,272.905,-232.664,180.0,top
_493,414.292,-85.471,0.0,top
_492,271.634975,-181.3383,0.0,top
_491,377.135675,-226.314,180.0,top
_490,19.88465,-188.64965,0.0,top
_489,97.554025,-318.33435,180.0,top
_488,414.34665,-176.96565,0.0,top
_487,431.47335,-318.84235,180.0,top
_486,384.665,-417.24965,180.0,top
_485,70.03135,-313.76235,180.0,top
_484,384.538,-440.49065,180.0,top
_483,272.905,-242.824,180.0,top
_482,242.062,-224.917,0.0,top
_481,146.068,-273.431,0.0,top
_480,132.914675,-420.878,180.0,top
_479,83.38465,-153.924,0.0,top
_478,146.285675,-54.80935,0.0,top
_477,426.03065,-176.96565,0.0,top
_476,160.854675,-410.02835,180.0,top
_475,447.72935,-341.57535,180.0,top
_474,384.48335,-348.996,180.0,top
_473,147.338025,-314.7237,180.0,top
_472,272.905,-222.631,180.0,top
_471,121.085325,-268.859,0.0,top
_470,300.409325,-62.15765,0.0,top
_469,147.338025,-312.1837,180.0,top
_468,238.161325,-153.74235,0.0,top
_467,20.13865,-146.10465,0.0,top
_466,194.926675,-68.77935,0.0,top
_465,36.34,-84.963,0.0,top
_464,383.775975,-190.93565,0.0,top
_463,335.84235,-324.866,180.0,top
_462,104.847675,-409.829,180.0,top
_461,409.938,-433.451,180.0,top
_460,131.971,-81.35235,0.0,top
_459,383.721325,-89.281,0.0,top
_458,181.464675,-85.16235,0.0,top
_457,321.781675,-306.451,180.0,top
_456,121.049,-85.16235,0.0,top
_455,132.02565,-190.627,0.0,top
_454,109.41965,-153.543,0.0,top
_453,258.463325,-409.4303,180.0,top
_452,447.911,-409.829,180.0,top
_451,209.459325,-165.80735,0.0,top
_450,194.963,-252.476,0.0,top
_449,250.970325,-409.8113,180.0,top
_448,132.02565,-170.434,0.0,top
_447,132.914675,-428.498,180.0,top
_446,83.203,-66.49335,0.0,top
_445,237.471675,-85.3617,0.0,top
_444,384.61035,-325.755,180.0,top
_443,41.257,-432.943,180.0,top
_442,209.277675,-97.5537,0.0,top
_441,335.007975,-169.85365,0.0,top
_440,116.495025,-341.57535,180.0,top
_439,399.143,-416.56,180.0,top
_438,162.578325,-153.416,0.0,top
_437,384.61035,-329.692,180.0,top
_436,335.860675,-232.664,180.0,top
_435,335.860675,-230.251,180.0,top
_434,165.1,-245.618,0.0,top
_433,305.308,-249.682,180.0,top
_432,21.13635,-314.52435,180.0,top
_431,423.436,-85.471,0.0,top
_430,360.534975,-176.96565,0.0,top
_429,320.475325,-81.46165,0.0,top
_428,399.08835,-342.84535,180.0,top
_427,384.61035,-337.312,180.0,top
_426,195.979025,-341.2667,180.0,top
_425,104.212675,-432.943,180.0,top
_424,321.527675,-348.996,180.0,top
_423,446.73165,-163.12265,0.0,top
_422,397.83665,-181.53765,0.0,top
_421,83.239325,-257.81,0.0,top
_420,194.926675,-88.97235,0.0,top
_419,239.503675,-341.68465,180.0,top
_418,244.837675,-62.2477,0.0,top
_417,412.115,-286.385,90.0,top
_416,433.342,-62.357,0.0,top
_415,286.276325,-433.25165,180.0,top
_414,209.695325,-406.1283,180.0,top
_413,320.475325,-91.62165,0.0,top
_412,431.49135,-342.08335,180.0,top
_411,209.404675,-78.2497,0.0,top
_410,424.071,-62.357,0.0,top
_409,53.576,-409.829,180.0,top
_408,83.25765,-169.545,0.0,top
_407,156.228,-268.986,0.0,top
_406,272.886675,-304.673,180.0,top
_405,335.897,-423.98065,180.0,top
_404,335.84235,-312.293,180.0,top
_403,165.118,-268.859,0.0,top
_402,368.22735,-318.643,180.0,top
_401,359.138,-410.13765,180.0,top
_400,335.84235,-322.453,180.0,top
_399,368.282,-410.13765,180.0,top
_398,171.685675,-85.16235,0.0,top
_397,84.092025,-332.17735,180.0,top
_396,283.808675,-318.643,180.0,top
_395,447.85635,-325.95435,180.0,top
_394,257.302,-273.177,0.0,top
_393,44.37735,-318.33435,180.0,top
_392,335.860675,-250.444,180.0,top
_391,346.782675,-226.441,180.0,top
_390,383.721325,-71.628,0.0,top
_389,399.08835,-332.68535,180.0,top
_388,244.602,-273.177,0.0,top
_387,83.203,-74.11335,0.0,top
_386,416.814,-62.23,0.0,top
_385,225.298,-224.917,0.0,top
_384,342.500975,-177.09265,0.0,top
_383,433.26965,-176.96565,0.0,top
_382,90.732325,-268.986,0.0,top
_381,431.546,-433.578,180.0,top
_380,290.612325,-62.03065,0.0,top
_379,21.13635,-342.33735,180.0,top
_378,225.824325,-153.61535,0.0,top
_377,153.688,-268.986,0.0,top
_376,309.734975,-153.6523,0.0,top
_375,296.127675,-318.643,180.0,top
_374,447.85635,-318.33435,180.0,top
_373,258.535675,-313.87165,180.0,top
_372,146.285675,-62.42935,0.0,top
_371,59.87135,-318.20735,180.0,top
_370,321.673,-237.49,180.0,top
_369,219.437675,-85.4887,0.0,top
_368,46.119,-61.849,0.0,top
_367,225.769675,-62.1207,0.0,top
_366,435.882,-62.357,0.0,top
_365,118.636,-62.04835,0.0,top
_364,356.54335,-318.643,180.0,top
_363,19.83,-97.155,0.0,top
_362,219.492325,-176.98335,0.0,top
_361,320.529975,-152.7633,0.0,top
_360,334.953325,-78.359,0.0,top
_359,84.092025,-324.55735,180.0,top
_358,21.191,-403.479,180.0,top
_357,55.44465,-153.34365,0.0,top
_356,419.844,-410.337,180.0,top
_355,363.020325,-85.471,0.0,top
_354,93.29065,-176.784,0.0,top
_353,165.063675,-61.92135,0.0,top
_352,446.73165,-170.74265,0.0,top
_351,38.862,-61.722,0.0,top
_350,194.981325,-162.814,0.0,top
_349,146.195,-269.367,0.0,top
_348,447.911,-429.006,180.0,top
_347,147.338025,-304.5637,180.0,top
_346,194.963,-282.829,0.0,top
_345,59.926,-409.702,180.0,top
_344,31.986,-432.943,180.0,top
_343,374.595675,-226.314,180.0,top
_342,335.080325,-55.118,0.0,top
_341,20.01165,-165.40865,0.0,top
_340,235.621325,-153.74235,0.0,top
_339,108.766325,-268.859,0.0,top
_338,447.911,-417.449,180.0,top
_337,93.272325,-268.986,0.0,top
_336,320.475325,-89.08165,0.0,top
_335,174.280325,-176.657,0.0,top
_334,271.834325,-62.53865,0.0,top
_333,334.826325,-90.043,0.0,top
_332,283.863325,-410.13765,180.0,top
_331,258.227325,-190.82635,0.0,top
_330,146.195,-257.81,0.0,top
_329,383.721325,-61.468,0.0,top
_328,244.710675,-85.3617,0.0,top
_327,113.955025,-341.57535,180.0,top
_326,407.942,-85.598,0.0,top
_325,132.02565,-152.654,0.0,top
_324,32.113,-409.829,180.0,top
_323,383.721325,-99.441,0.0,top
_322,320.475325,-99.24165,0.0,top
_321,321.527675,-341.376,180.0,top
_320,452.12,-218.694,0.0,top
_319,321.546,-249.174,180.0,top
_318,229.706675,-341.55765,180.0,top
_317,209.404675,-66.6927,0.0,top
_316,272.905,-212.471,180.0,top
_315,21.191,-426.212,180.0,top
_314,365.723675,-249.682,180.0,top
_313,314.161675,-318.516,180.0,top
_312,94.887025,-341.44835,180.0,top
_311,399.143,-434.34,180.0,top
_310,335.897,-406.32765,180.0,top
_309,384.501675,-249.174,180.0,top
_308,320.529975,-180.5763,0.0,top
_307,29.99,-85.09,0.0,top
_306,23.622,-208.534,270.0,top
_305,131.971,-88.97235,0.0,top
_304,209.586325,-146.50335,0.0,top
_303,216.952325,-176.98335,0.0,top
_302,209.277675,-89.9337,0.0,top
_301,83.112325,-273.431,0.0,top
_300,57.85765,-176.45765,0.0,top
_299,258.172675,-89.1717,0.0,top
_298,351.390975,-176.96565,0.0,top
_297,68.77965,-162.61465,0.0,top
_296,314.18,-226.314,180.0,top
_295,48.71365,-153.34365,0.0,top
_294,146.213325,-169.545,0.0,top
_293,83.239325,-261.747,0.0,top
_292,351.372975,-153.72465,0.0,top
_291,397.782,-90.043,0.0,top
_290,351.336325,-85.471,0.0,top
_289,99.64065,-176.657,0.0,top
_288,102.126,-85.16235,0.0,top
_287,113.937025,-318.33435,180.0,top
_286,217.678,-224.917,0.0,top
_285,147.338025,-324.7567,180.0,top
_284,428.988,-410.337,180.0,top
_283,258.227325,-173.04635,0.0,top
_282,422.384,-410.337,180.0,top
_281,446.73165,-190.93565,0.0,top
_280,229.362,-273.177,0.0,top
_279,111.306325,-268.859,0.0,top
_278,335.860675,-212.471,180.0,top
_277,272.905,-240.284,180.0,top
_276,374.57735,-318.516,180.0,top
_275,194.926675,-78.93935,0.0,top
_274,426.66565,-153.85165,0.0,top
_273,335.007975,-177.47365,0.0,top
_272,321.654675,-325.755,180.0,top
_271,83.366325,-246.126,0.0,top
_270,320.529975,-190.7363,0.0,top
_269,83.25765,-157.988,0.0,top
_268,84.092025,-334.71735,180.0,top
_267,220.435675,-341.55765,180.0,top
_266,132.02565,-180.467,0.0,top
_265,147.392675,-434.03135,180.0,top
_264,258.172675,-99.3317,0.0,top
_263,351.318325,-62.23,0.0,top
_262,344.986325,-85.598,0.0,top
_261,93.236,-85.28935,0.0,top
_260,158.133025,-341.6477,180.0,top
_259,209.695325,-423.7813,180.0,top
_258,321.582325,-432.87065,180.0,top
_257,254.762,-224.917,0.0,top
_256,68.725,-91.313,0.0,top
_255,168.093675,-410.02835,180.0,top
_254,111.32465,-176.657,0.0,top
_253,184.168,-245.745,0.0,top
_252,38.88,-84.963,0.0,top
_251,272.886675,-322.453,180.0,top
_250,232.918,-224.917,0.0,top
_249,353.930975,-176.96565,0.0,top
_248,69.90435,-317.82635,180.0,top
_247,30.04465,-176.58465,0.0,top
_246,196.287675,-397.83635,180.0,top
_245,20.13865,-153.72465,0.0,top
_244,194.981325,-170.434,0.0,top
_243,334.826325,-97.663,0.0,top
_242,27.45,-85.09,0.0,top
_241,384.665,-409.62965,180.0,top
_240,162.596325,-176.657,0.0,top
_239,83.239325,-269.367,0.0,top
_238,335.897,-396.16765,180.0,top
_237,299.774325,-85.27165,0.0,top
_236,132.787675,-432.562,180.0,top
_235,302.768,-249.682,180.0,top
_234,422.32935,-318.84235,180.0,top
_233,258.172675,-81.5517,0.0,top
_232,194.926675,-91.51235,0.0,top
_231,83.366325,-238.506,0.0,top
_230,162.523675,-61.92135,0.0,top
_229,125.421675,-409.702,180.0,top
_228,258.408675,-317.93565,180.0,top
_227,258.227325,-183.20635,0.0,top
_226,181.628,-245.745,0.0,top
_225,309.607975,-176.7663,0.0,top
_224,335.84235,-304.673,180.0,top
_223,384.665,-421.18665,180.0,top
_222,55.31765,-176.45765,0.0,top
_221,41.83735,-318.33435,180.0,top
_220,228.309675,-62.1207,0.0,top
_219,146.213325,-165.608,0.0,top
_218,132.987025,-313.76235,180.0,top
_217,231.902,-273.177,0.0,top
_216,258.172675,-71.5187,0.0,top
_215,321.709325,-409.62965,180.0,top
_214,83.33,-62.42935,0.0,top
_213,335.84235,-342.646,180.0,top
_212,288.126975,-153.5253,0.0,top
_211,247.142,-224.917,0.0,top
_210,447.98335,-314.27035,180.0,top
_209,228.364325,-153.61535,0.0,top
_208,118.69065,-153.543,0.0,top
_207,384.628675,-237.49,180.0,top
_206,397.96365,-165.91665,0.0,top
_205,196.160675,-409.52035,180.0,top
_204,84.146675,-406.019,180.0,top
_203,184.131675,-62.04835,0.0,top
_202,349.232,-433.25165,180.0,top
_201,356.598,-410.13765,180.0,top
_200,244.892325,-153.74235,0.0,top
_199,372.799325,-85.471,0.0,top
_198,132.787675,-440.182,180.0,top
_197,247.142,-273.177,0.0,top
_196,398.036,-62.738,0.0,top
_195,84.092025,-322.14435,180.0,top
_194,419.15435,-341.95635,180.0,top
_193,383.775975,-170.74265,0.0,top
_192,368.3,-433.37865,180.0,top
_191,84.092025,-304.36435,180.0,top
_190,111.941325,-245.745,0.0,top
_189,361.115325,-62.357,0.0,top
_188,196.233025,-306.3417,180.0,top
_187,132.007325,-275.209,0.0,top
_186,383.721325,-79.248,0.0,top
_185,349.195675,-249.555,180.0,top
_184,19.957,-77.851,0.0,top
_183,407.99665,-177.09265,0.0,top
_182,147.392675,-423.87135,180.0,top
_181,46.17365,-153.34365,0.0,top
_180,433.39665,-153.85165,0.0,top
_179,116.531675,-409.829,180.0,top
_178,83.239325,-250.19,0.0,top
_177,437.82335,-318.71535,180.0,top
_176,335.007975,-158.29665,0.0,top
_175,302.731675,-318.643,180.0,top
_174,209.640675,-324.66665,180.0,top
_173,118.545325,-268.859,0.0,top
_172,68.725,-81.153,0.0,top
_171,383.775975,-163.12265,0.0,top
_170,365.705675,-226.441,180.0,top
_169,257.302,-224.917,0.0,top
_168,118.672325,-245.745,0.0,top
_167,167.458675,-433.14235,180.0,top
_166,181.519325,-176.657,0.0,top
_165,170.633675,-410.02835,180.0,top
_164,51.036,-409.829,180.0,top
_163,194.926675,-71.31935,0.0,top
_162,223.157325,-409.9383,180.0,top
_161,84.146675,-423.672,180.0,top
_160,62.466,-409.702,180.0,top
_159,99.586,-85.16235,0.0,top
_158,416.86865,-153.72465,0.0,top
_157,370.440975,-153.85165,0.0,top
_156,69.832,-440.182,180.0,top
_155,297.869325,-62.15765,0.0,top
_154,247.377675,-62.2477,0.0,top
_153,116.549675,-433.07,180.0,top
_152,84.146675,-395.859,180.0,top
_151,293.587675,-318.643,180.0,top
_150,181.501,-268.859,0.0,top
_149,244.765325,-176.85635,0.0,top
_148,258.281675,-348.79665,180.0,top
_147,384.755675,-221.869,180.0,top
_146,286.403325,-410.13765,180.0,top
_145,68.77965,-190.42765,0.0,top
_144,147.392675,-413.83835,180.0,top
_143,36.322,-61.722,0.0,top
_142,399.08835,-335.22535,180.0,top
_141,384.628675,-245.11,180.0,top
_140,242.080325,-409.9383,180.0,top
_139,300.463975,-153.6523,0.0,top
_138,271.761975,-177.2743,0.0,top
_137,399.143,-426.72,180.0,top
_136,147.338025,-342.5367,180.0,top
_135,305.344325,-433.37865,180.0,top
_134,83.33,-54.80935,0.0,top
_133,83.13065,-181.229,0.0,top
_132,57.93,-61.849,0.0,top
_131,234.442,-273.177,0.0,top
_130,196.033675,-432.76135,180.0,top
_129,252.222,-224.917,0.0,top
_128,288.144975,-176.7663,0.0,top
_127,21.13635,-332.17735,180.0,top
_126,321.709325,-428.80665,180.0,top
_125,226.822,-273.177,0.0,top
_124,258.463325,-417.0503,180.0,top
_123,21.191,-406.019,180.0,top
_122,228.382325,-176.85635,0.0,top
_121,51.054,-433.07,180.0,top
_120,384.628675,-225.933,180.0,top
_119,209.459325,-158.18735,0.0,top
_118,258.463325,-420.9873,180.0,top
_117,440.36335,-318.71535,180.0,top
_116,353.858325,-62.23,0.0,top
_115,209.640675,-304.47365,180.0,top
_114,68.725,-98.933,0.0,top
_113,41.892,-409.829,180.0,top
_112,122.827025,-318.20735,180.0,top
_111,132.007325,-255.016,0.0,top
_110,194.963,-272.669,0.0,top
_109,171.722,-268.859,0.0,top
_108,239.558325,-433.1793,180.0,top
_107,356.561675,-226.441,180.0,top
_106,99.622325,-268.859,0.0,top
_105,424.12565,-153.85165,0.0,top
_104,358.466675,-249.555,180.0,top
_103,384.61035,-318.135,180.0,top
_102,133.041675,-405.257,180.0,top
_101,131.971,-78.93935,0.0,top
_100,146.322,-246.126,0.0,top
_99,95.068675,-409.829,180.0,top
_98,57.98465,-153.34365,0.0,top
_97,365.68735,-318.643,180.0,top
_96,165.136325,-176.657,0.0,top
_95,358.503,-433.25165,180.0,top
_94,272.941325,-396.16765,180.0,top
_93,147.338025,-322.3437,180.0,top
_92,452.12,-221.234,0.0,top
_91,272.941325,-434.14065,180.0,top
_90,412.605,-410.337,180.0,top
_89,258.336325,-440.2913,180.0,top
_88,132.914675,-409.321,180.0,top
_87,147.392675,-426.41135,180.0,top
_86,209.531675,-62.6287,0.0,top
_85,252.222,-273.177,0.0,top
_84,209.459325,-177.36435,0.0,top
_83,84.146675,-403.479,180.0,top
_82,370.313975,-176.96565,0.0,top
_81,196.106025,-325.6457,180.0,top
_80,20.01165,-157.78865,0.0,top
_79,365.76,-433.37865,180.0,top
_78,194.926675,-81.35235,0.0,top
_77,131.971,-61.15935,0.0,top
_76,68.725,-88.773,0.0,top
_75,320.475325,-61.26865,0.0,top
_74,421.749,-433.451,180.0,top
_73,169.998675,-433.14235,180.0,top
_72,335.080325,-62.738,0.0,top
_71,209.695325,-413.7483,180.0,top
_70,104.793025,-318.33435,180.0,top
_69,222.758,-224.917,0.0,top
_68,359.08335,-318.643,180.0,top
_67,102.162325,-268.859,0.0,top
_66,102.18065,-176.657,0.0,top
_65,20.084,-62.23,0.0,top
_64,363.074975,-176.96565,0.0,top
_63,162.541675,-85.16235,0.0,top
_62,146.158675,-85.67035,0.0,top
_61,399.08835,-315.03235,180.0,top
_60,452.12,-207.772,0.0,top
_59,335.134975,-146.61265,0.0,top
_58,121.10365,-176.657,0.0,top
_57,271.834325,-54.91865,0.0,top
_56,440.418,-410.21,180.0,top
_55,353.876325,-85.471,0.0,top
_54,349.322675,-226.441,180.0,top
_53,283.681675,-341.757,180.0,top
_52,286.348675,-318.643,180.0,top
_51,68.725,-71.12,0.0,top
_50,286.221675,-341.757,180.0,top
_49,186.127675,-409.90135,180.0,top
_48,177.183025,-318.5337,180.0,top
_47,435.80965,-176.96565,0.0,top
_46,194.926675,-99.13235,0.0,top
_45,68.77965,-152.45465,0.0,top
_44,399.08835,-325.06535,180.0,top
_43,311.64,-226.314,180.0,top
_42,19.957,-66.294,0.0,top
_41,248.430325,-409.8113,180.0,top
_40,68.725,-78.74,0.0,top
_39,258.408675,-329.49265,180.0,top
_38,335.007975,-165.91665,0.0,top
_37,174.860675,-62.04835,0.0,top
_36,186.073025,-318.4067,180.0,top
_35,383.775975,-183.31565,0.0,top
_34,57.803,-84.963,0.0,top
_33,45.484,-84.963,0.0,top
_32,209.640675,-312.09365,180.0,top
_31,307.013325,-85.27165,0.0,top
_30,209.404675,-85.8697,0.0,top
_29,209.586325,-154.12335,0.0,top
_28,446.73165,-152.96265,0.0,top
_27,399.08835,-312.49235,180.0,top
_26,272.886675,-332.486,180.0,top
_25,450.088,-286.258,90.0,top
_24,196.106025,-329.5827,180.0,top
_23,409.88335,-341.95635,180.0,top
_22,21.13635,-304.36435,180.0,top
_21,146.340325,-146.304,0.0,top
_20,184.041,-268.859,0.0,top
_19,239.540325,-409.9383,180.0,top
_18,296.146,-226.441,180.0,top
_17,334.953325,-66.802,0.0,top
_16,272.941325,-423.98065,180.0,top
_15,132.02565,-183.007,0.0,top
_14,383.721325,-91.821,0.0,top
_13,272.886675,-314.833,180.0,top
_12,106.752675,-432.943,180.0,top
_11,146.195,-250.19,0.0,top
_10,147.338025,-334.9167,180.0,top
_9,68.77965,-160.07465,0.0,top
_8,194.981325,-160.274,0.0,top
_7,83.25765,-177.165,0.0,top
_6,177.255675,-433.26935,180.0,top
_5,416.88665,-176.96565,0.0,top
_4,249.682,-224.917,0.0,top
_3,168.039025,-318.5337,180.0,top
_2,194.963,-265.049,0.0,top
,321.709325,-421.18665,180.0,top
74HC00N_32,127.217675,-472.313,180.0,top
74HC00N_31,442.15935,-381.32635,180.0,top
74HC00N_30,316.012325,-472.62165,180.0,top
74HC00N_29,378.91335,-381.127,180.0,top
74HC00N_28,190.463675,-472.51235,180.0,top
74HC00N_27,340.704975,-114.48165,0.0,top
74HC00N_26,151.910325,-114.173,0.0,top
74HC00N_25,88.95465,-114.173,0.0,top
74HC00N_24,25.70865,-113.97365,0.0,top
74HC00N_23,151.892,-206.375,0.0,top
74HC00N_22,25.654,-22.479,0.0,top
74HC00N_21,277.404325,-22.78765,0.0,top
74HC00N_20,252.766325,-472.4223,180.0,top
74HC00N_19,64.262,-472.313,180.0,top
74HC00N_18,151.855675,-22.67835,0.0,top
74HC00N_17,215.101675,-22.8777,0.0,top
74HC00N_16,315.957675,-381.127,180.0,top
74HC00N_15,378.968,-472.62165,180.0,top
74HC00N_14,252.711675,-380.92765,180.0,top
74HC00N_13,88.9,-22.67835,0.0,top
74HC00N_12,215.156325,-114.37235,0.0,top
74HC00N_11,64.20735,-380.81835,180.0,top
74HC00N_10,190.409025,-381.0177,180.0,top
74HC00N_9,340.650325,-22.987,0.0,top
74HC00N_8,403.66065,-114.48165,0.0,top
74HC00N_7,403.606,-22.987,0.0,top
74HC00N_6,127.163025,-380.81835,180.0,top
74HC00N_5,378.931675,-288.925,180.0,top
74HC00N_4,277.458975,-114.2823,0.0,top
74HC00N_3,315.976,-288.925,180.0,top
74HC00N_2,442.214,-472.821,180.0,top
74HC00N,88.936325,-206.375,0.0,top
74HC04N_32,88.95465,-134.493,0.0,top
74HC04N_31,378.968,-452.30165,180.0,top
74HC04N_30,88.9,-42.99835,0.0,top
74HC04N_29,215.101675,-43.1977,0.0,top
74HC04N_28,190.409025,-360.6977,180.0,top
74HC04N_27,64.262,-451.993,180.0,top
74HC04N_26,25.70865,-134.29365,0.0,top
74HC04N_25,403.66065,-134.80165,0.0,top
74HC04N_24,252.711675,-360.60765,180.0,top
74HC04N_23,190.463675,-452.19235,180.0,top
74HC04N_22,315.976,-268.605,180.0,top
74HC04N_21,127.163025,-360.49835,180.0,top
74HC04N_20,340.650325,-43.307,0.0,top
74HC04N_19,316.012325,-452.30165,180.0,top
74HC04N_18,442.15935,-361.00635,180.0,top
74HC04N_17,151.855675,-42.99835,0.0,top
74HC04N_16,340.704975,-134.80165,0.0,top
74HC04N_15,151.892,-226.695,0.0,top
74HC04N_14,315.957675,-360.807,180.0,top
74HC04N_13,151.910325,-134.493,0.0,top
74HC04N_12,277.458975,-134.6023,0.0,top
74HC04N_11,25.654,-42.799,0.0,top
74HC04N_10,215.156325,-134.69235,0.0,top
74HC04N_9,378.931675,-268.605,180.0,top
74HC04N_8,403.606,-43.307,0.0,top
74HC04N_7,378.91335,-360.807,180.0,top
74HC04N_6,88.936325,-226.695,0.0,top
74HC04N_5,277.404325,-43.10765,0.0,top
74HC04N_4,64.20735,-360.49835,180.0,top
74HC04N_3,127.217675,-451.993,180.0,top
74HC04N_2,442.214,-452.501,180.0,top
74HC04N,252.766325,-452.1023,180.0,top
74HC138_4,58.42,-208.407,0.0,top
74HC138_3,23.622,-208.534,0.0,top
74HC138_2,412.115,-286.385,180.0,top
74HC138,450.088,-286.258,180.0,top
74HC245_32,290.158975,-123.1723,90.0,top
74HC245_31,114.517675,-463.423,270.0,top
74HC245_30,303.312325,-463.73165,270.0,top
74HC245_29,416.306,-31.877,90.0,top
74HC245_28,303.257675,-372.237,270.0,top
74HC245_27,366.231675,-280.035,270.0,top
74HC245_26,101.65465,-123.063,90.0,top
74HC245_25,101.636325,-215.265,90.0,top
74HC245_24,290.104325,-31.67765,90.0,top
74HC245_23,353.404975,-123.37165,90.0,top
74HC245_22,227.801675,-31.7677,90.0,top
74HC245_21,177.763675,-463.62235,270.0,top
74HC245_20,51.562,-463.423,270.0,top
74HC245_19,227.856325,-123.26235,90.0,top
74HC245_18,38.40865,-122.86365,90.0,top
74HC245_17,164.610325,-123.063,90.0,top
74HC245_16,366.21335,-372.237,270.0,top
74HC245_15,429.514,-463.931,270.0,top
74HC245_14,164.555675,-31.56835,90.0,top
74HC245_13,38.354,-31.369,90.0,top
74HC245_12,429.45935,-372.43635,270.0,top
74HC245_11,240.011675,-372.03765,270.0,top
74HC245_10,51.50735,-371.92835,270.0,top
74HC245_9,303.276,-280.035,270.0,top
74HC245_8,416.36065,-123.37165,90.0,top
74HC245_7,114.463025,-371.92835,270.0,top
74HC245_6,101.6,-31.56835,90.0,top
74HC245_5,164.592,-215.265,90.0,top
74HC245_4,240.066325,-463.5323,270.0,top
74HC245_3,366.268,-463.73165,270.0,top
74HC245_2,177.709025,-372.1277,270.0,top
74HC245,353.350325,-31.877,90.0,top
74HC273_32,164.610325,-135.763,90.0,top
74HC273_31,177.763675,-450.92235,270.0,top
74HC273_30,114.517675,-450.723,270.0,top
74HC273_29,290.104325,-44.37765,90.0,top
74HC273_28,416.306,-44.577,90.0,top
74HC273_27,240.066325,-450.8323,270.0,top
74HC273_26,366.21335,-359.537,270.0,top
74HC273_25,101.65465,-135.763,90.0,top
74HC273_24,227.856325,-135.96235,90.0,top
74HC273_23,164.555675,-44.26835,90.0,top
74HC273_22,101.6,-44.26835,90.0,top
74HC273_21,240.011675,-359.33765,270.0,top
74HC273_20,227.801675,-44.4677,90.0,top
74HC273_19,51.562,-450.723,270.0,top
74HC273_18,366.231675,-267.335,270.0,top
74HC273_17,303.257675,-359.537,270.0,top
74HC273_16,177.709025,-359.4277,270.0,top
74HC273_15,38.40865,-135.56365,90.0,top
74HC273_14,353.404975,-136.07165,90.0,top
74HC273_13,429.45935,-359.73635,270.0,top
74HC273_12,366.268,-451.03165,270.0,top
74HC273_11,164.592,-227.965,90.0,top
74HC273_10,51.50735,-359.22835,270.0,top
74HC273_9,353.350325,-44.577,90.0,top
74HC273_8,303.276,-267.335,270.0,top
74HC273_7,101.636325,-227.965,90.0,top
74HC273_6,114.463025,-359.22835,270.0,top
74HC273_5,38.354,-44.069,90.0,top
74HC273_4,429.514,-451.231,270.0,top
74HC273_3,416.36065,-136.07165,90.0,top
74HC273_2,303.312325,-451.03165,270.0,top
74HC273,290.158975,-135.8723,90.0,top
D1_64,315.92135,-315.087,180.0,top
D1_63,64.171025,-314.77835,180.0,top
D1_62,88.97265,-272.415,0.0,top
D1_61,378.931675,-246.18065,180.0,top
D1_60,190.409025,-338.27335,180.0,top
D1_59,403.66065,-157.226,0.0,top
D1_58,252.766325,-429.67795,180.0,top
D1_57,215.19265,-180.41235,0.0,top
D1_56,88.9,-65.4227,0.0,top
D1_55,315.939675,-222.885,180.0,top
D1_54,64.20735,-338.074,180.0,top
D1_53,403.696975,-180.52165,0.0,top
D1_52,25.744975,-180.01365,0.0,top
D1_51,88.990975,-180.213,0.0,top
D1_50,378.968,-429.8773,180.0,top
D1_49,315.976,-246.18065,180.0,top
D1_48,25.70865,-156.718,0.0,top
D1_47,442.214,-430.07665,180.0,top
D1_46,442.123025,-315.28635,180.0,top
D1_45,151.892,-88.71835,0.0,top
D1_44,127.1267,-314.77835,180.0,top
D1_43,127.18135,-406.273,180.0,top
D1_42,215.156325,-157.1167,0.0,top
D1_41,151.892,-249.11935,0.0,top
D1_40,378.931675,-406.58165,180.0,top
D1_39,190.42735,-406.47235,180.0,top
D1_38,25.690325,-88.519,0.0,top
D1_37,340.650325,-65.73135,0.0,top
D1_36,403.642325,-89.027,0.0,top
D1_35,252.67535,-314.88765,180.0,top
D1_34,316.012325,-429.8773,180.0,top
D1_33,442.15935,-338.582,180.0,top
D1_32,151.855675,-65.4227,0.0,top
D1_31,190.463675,-429.768,180.0,top
D1_30,403.606,-65.73135,0.0,top
D1_29,277.4953,-180.3223,0.0,top
D1_28,151.928325,-272.415,0.0,top
D1_27,127.163025,-338.074,180.0,top
D1_26,151.94665,-180.213,0.0,top
D1_25,64.225675,-406.273,180.0,top
D1_24,442.177675,-406.781,180.0,top
D1_23,64.262,-429.56865,180.0,top
D1_22,277.44065,-88.82765,0.0,top
D1_21,252.711675,-338.1833,180.0,top
D1_20,340.7413,-180.52165,0.0,top
D1_19,127.217675,-429.56865,180.0,top
D1_18,215.101675,-65.62205,0.0,top
D1_17,277.404325,-65.532,0.0,top
D1_16,25.654,-65.22335,0.0,top
D1_15,88.95465,-156.91735,0.0,top
D1_14,378.91335,-338.38265,180.0,top
D1_13,315.957675,-338.38265,180.0,top
D1_12,378.877025,-315.087,180.0,top
D1_11,190.3727,-314.9777,180.0,top
D1_10,378.89535,-222.885,180.0,top
D1_9,252.73,-406.3823,180.0,top
D1_8,88.936325,-88.71835,0.0,top
D1_7,340.704975,-157.226,0.0,top
D1_6,340.68665,-89.027,0.0,top
D1_5,88.936325,-249.11935,0.0,top
D1_4,151.910325,-156.91735,0.0,top
D1_3,277.458975,-157.02665,0.0,top
D1_2,215.138,-88.9177,0.0,top
D1,315.976,-406.58165,180.0,top
D2_64,117.7827,-314.77835,180.0,top
D2_63,35.088975,-180.01365,0.0,top
D2_62,306.632,-246.18065,180.0,top
D2_61,286.8393,-180.3223,0.0,top
D2_60,161.254325,-156.91735,0.0,top
D2_59,432.87,-430.07665,180.0,top
D2_58,35.05265,-156.718,0.0,top
D2_57,349.994325,-65.73135,0.0,top
D2_56,369.587675,-406.58165,180.0,top
D2_55,350.03065,-89.027,0.0,top
D2_54,54.86335,-338.074,180.0,top
D2_53,306.668325,-429.8773,180.0,top
D2_52,161.29065,-180.213,0.0,top
D2_51,412.986325,-89.027,0.0,top
D2_50,412.95,-65.73135,0.0,top
D2_49,243.422325,-429.67795,180.0,top
D2_48,54.918,-429.56865,180.0,top
D2_47,161.272325,-272.415,0.0,top
D2_46,286.802975,-157.02665,0.0,top
D2_45,161.199675,-65.4227,0.0,top
D2_44,224.445675,-65.62205,0.0,top
D2_43,98.334975,-180.213,0.0,top
D2_42,161.236,-88.71835,0.0,top
D2_41,181.065025,-338.27335,180.0,top
D2_40,306.595675,-222.885,180.0,top
D2_39,181.0287,-314.9777,180.0,top
D2_38,181.119675,-429.768,180.0,top
D2_37,243.367675,-338.1833,180.0,top
D2_36,306.632,-406.58165,180.0,top
D2_35,243.33135,-314.88765,180.0,top
D2_34,117.83735,-406.273,180.0,top
D2_33,224.53665,-180.41235,0.0,top
D2_32,34.998,-65.22335,0.0,top
D2_31,413.040975,-180.52165,0.0,top
D2_30,98.31665,-272.415,0.0,top
D2_29,98.29865,-156.91735,0.0,top
D2_28,117.873675,-429.56865,180.0,top
D2_27,432.779025,-315.28635,180.0,top
D2_26,224.482,-88.9177,0.0,top
D2_25,224.500325,-157.1167,0.0,top
D2_24,369.624,-429.8773,180.0,top
D2_23,161.236,-249.11935,0.0,top
D2_22,306.613675,-338.38265,180.0,top
D2_21,35.034325,-88.519,0.0,top
D2_20,350.0853,-180.52165,0.0,top
D2_19,98.244,-65.4227,0.0,top
D2_18,413.00465,-157.226,0.0,top
D2_17,369.55135,-222.885,180.0,top
D2_16,432.81535,-338.582,180.0,top
D2_15,350.048975,-157.226,0.0,top
D2_14,98.280325,-249.11935,0.0,top
D2_13,243.386,-406.3823,180.0,top
D2_12,369.533025,-315.087,180.0,top
D2_11,54.827025,-314.77835,180.0,top
D2_10,306.57735,-315.087,180.0,top
D2_9,181.08335,-406.47235,180.0,top
D2_8,369.587675,-246.18065,180.0,top
D2_7,432.833675,-406.781,180.0,top
D2_6,117.819025,-338.074,180.0,top
D2_5,286.748325,-65.532,0.0,top
D2_4,54.881675,-406.273,180.0,top
D2_3,369.56935,-338.38265,180.0,top
D2_2,286.78465,-88.82765,0.0,top
D2,98.280325,-88.71835,0.0,top
D3_64,107.623325,-249.11935,0.0,top
D3_63,107.587,-65.4227,0.0,top
D3_62,170.63365,-180.213,0.0,top
D3_61,296.1823,-180.3223,0.0,top
D3_60,360.281,-429.8773,180.0,top
D3_59,297.23435,-315.087,180.0,top
D3_58,108.476025,-338.074,180.0,top
D3_57,359.37365,-89.027,0.0,top
D3_56,107.677975,-180.213,0.0,top
D3_55,359.337325,-65.73135,0.0,top
D3_54,359.391975,-157.226,0.0,top
D3_53,45.575,-429.56865,180.0,top
D3_52,233.825,-88.9177,0.0,top
D3_51,170.579,-249.11935,0.0,top
D3_50,170.579,-88.71835,0.0,top
D3_49,45.538675,-406.273,180.0,top
D3_48,233.87965,-180.41235,0.0,top
D3_47,108.530675,-429.56865,180.0,top
D3_46,422.293,-65.73135,0.0,top
D3_45,234.079325,-429.67795,180.0,top
D3_44,360.244675,-406.58165,180.0,top
D3_43,423.527,-430.07665,180.0,top
D3_42,108.4397,-314.77835,180.0,top
D3_41,171.6857,-314.9777,180.0,top
D3_40,422.329325,-89.027,0.0,top
D3_39,233.788675,-65.62205,0.0,top
D3_38,170.597325,-156.91735,0.0,top
D3_37,233.843325,-157.1167,0.0,top
D3_36,45.52035,-338.074,180.0,top
D3_35,297.325325,-429.8773,180.0,top
D3_34,423.47235,-338.582,180.0,top
D3_33,107.623325,-88.71835,0.0,top
D3_32,108.49435,-406.273,180.0,top
D3_31,360.244675,-246.18065,180.0,top
D3_30,170.542675,-65.4227,0.0,top
D3_29,296.145975,-157.02665,0.0,top
D3_28,360.190025,-315.087,180.0,top
D3_27,171.722025,-338.27335,180.0,top
D3_26,44.377325,-88.519,0.0,top
D3_25,234.043,-406.3823,180.0,top
D3_24,107.64165,-156.91735,0.0,top
D3_23,44.431975,-180.01365,0.0,top
D3_22,233.98835,-314.88765,180.0,top
D3_21,44.341,-65.22335,0.0,top
D3_20,296.091325,-65.532,0.0,top
D3_19,423.490675,-406.781,180.0,top
D3_18,360.22635,-338.38265,180.0,top
D3_17,359.4283,-180.52165,0.0,top
D3_16,171.74035,-406.47235,180.0,top
D3_15,44.39565,-156.718,0.0,top
D3_14,297.252675,-222.885,180.0,top
D3_13,360.20835,-222.885,180.0,top
D3_12,297.289,-246.18065,180.0,top
D3_11,422.383975,-180.52165,0.0,top
D3_10,170.615325,-272.415,0.0,top
D3_9,234.024675,-338.1833,180.0,top
D3_8,45.484025,-314.77835,180.0,top
D3_7,423.436025,-315.28635,180.0,top
D3_6,297.289,-406.58165,180.0,top
D3_5,297.270675,-338.38265,180.0,top
D3_4,296.12765,-88.82765,0.0,top
D3_3,107.65965,-272.415,0.0,top
D3_2,422.34765,-157.226,0.0,top
D3,171.776675,-429.768,180.0,top
D4_64,287.945,-406.58165,180.0,top
D4_63,414.146675,-406.781,180.0,top
D4_62,99.132025,-338.074,180.0,top
D4_61,287.908675,-222.885,180.0,top
D4_60,53.73965,-156.718,0.0,top
D4_59,116.931,-65.4227,0.0,top
D4_58,116.967325,-88.71835,0.0,top
D4_57,116.967325,-249.11935,0.0,top
D4_56,179.923,-88.71835,0.0,top
D4_55,162.432675,-429.768,180.0,top
D4_54,99.0957,-314.77835,180.0,top
D4_53,414.12835,-338.582,180.0,top
D4_52,179.941325,-156.91735,0.0,top
D4_51,350.846025,-315.087,180.0,top
D4_50,368.735975,-157.226,0.0,top
D4_49,368.681325,-65.73135,0.0,top
D4_48,305.47165,-88.82765,0.0,top
D4_47,179.886675,-65.4227,0.0,top
D4_46,116.98565,-156.91735,0.0,top
D4_45,36.231,-429.56865,180.0,top
D4_44,36.194675,-406.273,180.0,top
D4_43,287.981325,-429.8773,180.0,top
D4_42,287.945,-246.18065,180.0,top
D4_41,224.735325,-429.67795,180.0,top
D4_40,431.637,-65.73135,0.0,top
D4_39,224.699,-406.3823,180.0,top
D4_38,431.727975,-180.52165,0.0,top
D4_37,224.64435,-314.88765,180.0,top
D4_36,305.5263,-180.3223,0.0,top
D4_35,162.378025,-338.27335,180.0,top
D4_34,287.926675,-338.38265,180.0,top
D4_33,53.721325,-88.519,0.0,top
D4_32,414.183,-430.07665,180.0,top
D4_31,224.680675,-338.1833,180.0,top
D4_30,53.775975,-180.01365,0.0,top
D4_29,117.00365,-272.415,0.0,top
D4_28,368.71765,-89.027,0.0,top
D4_27,350.937,-429.8773,180.0,top
D4_26,162.39635,-406.47235,180.0,top
D4_25,243.132675,-65.62205,0.0,top
D4_24,414.092025,-315.28635,180.0,top
D4_23,53.685,-65.22335,0.0,top
D4_22,305.489975,-157.02665,0.0,top
D4_21,305.435325,-65.532,0.0,top
D4_20,36.17635,-338.074,180.0,top
D4_19,179.959325,-272.415,0.0,top
D4_18,350.900675,-246.18065,180.0,top
D4_17,368.7723,-180.52165,0.0,top
D4_16,117.021975,-180.213,0.0,top
D4_15,243.169,-88.9177,0.0,top
D4_14,99.15035,-406.273,180.0,top
D4_13,287.89035,-315.087,180.0,top
D4_12,179.923,-249.11935,0.0,top
D4_11,179.97765,-180.213,0.0,top
D4_10,431.673325,-89.027,0.0,top
D4_9,243.187325,-157.1167,0.0,top
D4_8,350.88235,-338.38265,180.0,top
D4_7,350.900675,-406.58165,180.0,top
D4_6,243.22365,-180.41235,0.0,top
D4_5,431.69165,-157.226,0.0,top
D4_4,350.86435,-222.885,180.0,top
D4_3,162.3417,-314.9777,180.0,top
D4_2,99.186675,-429.56865,180.0,top
D4,36.140025,-314.77835,180.0,top
K1_64,315.92135,-311.34935,180.0,top
K1_63,127.163025,-334.33635,180.0,top
K1_62,127.1267,-311.0407,180.0,top
K1_61,378.91335,-334.645,180.0,top
K1_60,340.704975,-160.96365,0.0,top
K1_59,151.94665,-183.95065,0.0,top
K1_58,378.931675,-242.443,180.0,top
K1_57,25.690325,-92.25665,0.0,top
K1_56,88.95465,-160.655,0.0,top
K1_55,315.976,-242.443,180.0,top
K1_54,127.217675,-425.831,180.0,top
K1_53,25.654,-68.961,0.0,top
K1_52,315.976,-402.844,180.0,top
K1_51,151.892,-92.456,0.0,top
K1_50,88.9,-69.16035,0.0,top
K1_49,340.650325,-69.469,0.0,top
K1_48,252.711675,-334.44565,180.0,top
K1_47,151.910325,-160.655,0.0,top
K1_46,403.696975,-184.2593,0.0,top
K1_45,64.20735,-334.33635,180.0,top
K1_44,151.928325,-276.15265,0.0,top
K1_43,378.931675,-402.844,180.0,top
K1_42,277.404325,-69.26965,0.0,top
K1_41,442.15935,-334.84435,180.0,top
K1_40,315.939675,-219.14735,180.0,top
K1_39,442.123025,-311.5487,180.0,top
K1_38,151.855675,-69.16035,0.0,top
K1_37,88.936325,-252.857,0.0,top
K1_36,252.73,-402.64465,180.0,top
K1_35,277.44065,-92.5653,0.0,top
K1_34,252.766325,-425.9403,180.0,top
K1_33,277.4953,-184.05995,0.0,top
K1_32,88.97265,-276.15265,0.0,top
K1_31,64.225675,-402.53535,180.0,top
K1_30,190.463675,-426.03035,180.0,top
K1_29,151.892,-252.857,0.0,top
K1_28,340.7413,-184.2593,0.0,top
K1_27,378.877025,-311.34935,180.0,top
K1_26,190.409025,-334.5357,180.0,top
K1_25,215.138,-92.65535,0.0,top
K1_24,277.458975,-160.7643,0.0,top
K1_23,88.990975,-183.95065,0.0,top
K1_22,316.012325,-426.13965,180.0,top
K1_21,340.68665,-92.76465,0.0,top
K1_20,190.42735,-402.7347,180.0,top
K1_19,378.968,-426.13965,180.0,top
K1_18,315.957675,-334.645,180.0,top
K1_17,64.171025,-311.0407,180.0,top
K1_16,25.70865,-160.45565,0.0,top
K1_15,403.606,-69.469,0.0,top
K1_14,215.101675,-69.3597,0.0,top
K1_13,127.18135,-402.53535,180.0,top
K1_12,190.3727,-311.24005,180.0,top
K1_11,25.744975,-183.7513,0.0,top
K1_10,215.19265,-184.15,0.0,top
K1_9,64.262,-425.831,180.0,top
K1_8,252.67535,-311.15,180.0,top
K1_7,88.936325,-92.456,0.0,top
K1_6,442.177675,-403.04335,180.0,top
K1_5,215.156325,-160.85435,0.0,top
K1_4,403.66065,-160.96365,0.0,top
K1_3,403.642325,-92.76465,0.0,top
K1_2,442.214,-426.339,180.0,top
K1,378.89535,-219.14735,180.0,top
K2_64,54.881675,-402.53535,180.0,top
K2_63,161.272325,-276.15265,0.0,top
K2_62,413.00465,-160.96365,0.0,top
K2_61,413.040975,-184.2593,0.0,top
K2_60,117.83735,-402.53535,180.0,top
K2_59,117.7827,-311.0407,180.0,top
K2_58,412.95,-69.469,0.0,top
K2_57,306.632,-402.844,180.0,top
K2_56,286.78465,-92.5653,0.0,top
K2_55,432.81535,-334.84435,180.0,top
K2_54,432.87,-426.339,180.0,top
K2_53,432.779025,-311.5487,180.0,top
K2_52,243.33135,-311.15,180.0,top
K2_51,432.833675,-403.04335,180.0,top
K2_50,98.244,-69.16035,0.0,top
K2_49,369.587675,-242.443,180.0,top
K2_48,369.587675,-402.844,180.0,top
K2_47,35.05265,-160.45565,0.0,top
K2_46,243.422325,-425.9403,180.0,top
K2_45,161.236,-92.456,0.0,top
K2_44,181.119675,-426.03035,180.0,top
K2_43,98.280325,-92.456,0.0,top
K2_42,181.08335,-402.7347,180.0,top
K2_41,224.482,-92.65535,0.0,top
K2_40,35.088975,-183.7513,0.0,top
K2_39,34.998,-68.961,0.0,top
K2_38,54.827025,-311.0407,180.0,top
K2_37,369.624,-426.13965,180.0,top
K2_36,181.065025,-334.5357,180.0,top
K2_35,350.0853,-184.2593,0.0,top
K2_34,350.048975,-160.96365,0.0,top
K2_33,54.86335,-334.33635,180.0,top
K2_32,224.500325,-160.85435,0.0,top
K2_31,286.802975,-160.7643,0.0,top
K2_30,306.668325,-426.13965,180.0,top
K2_29,117.819025,-334.33635,180.0,top
K2_28,412.986325,-92.76465,0.0,top
K2_27,369.533025,-311.34935,180.0,top
K2_26,306.613675,-334.645,180.0,top
K2_25,369.56935,-334.645,180.0,top
K2_24,224.445675,-69.3597,0.0,top
K2_23,98.280325,-252.857,0.0,top
K2_22,161.29065,-183.95065,0.0,top
K2_21,161.254325,-160.655,0.0,top
K2_20,161.199675,-69.16035,0.0,top
K2_19,286.748325,-69.26965,0.0,top
K2_18,306.632,-242.443,180.0,top
K2_17,350.03065,-92.76465,0.0,top
K2_16,54.918,-425.831,180.0,top
K2_15,117.873675,-425.831,180.0,top
K2_14,349.994325,-69.469,0.0,top
K2_13,306.57735,-311.34935,180.0,top
K2_12,243.386,-402.64465,180.0,top
K2_11,243.367675,-334.44565,180.0,top
K2_10,286.8393,-184.05995,0.0,top
K2_9,224.53665,-184.15,0.0,top
K2_8,35.034325,-92.25665,0.0,top
K2_7,306.595675,-219.14735,180.0,top
K2_6,181.0287,-311.24005,180.0,top
K2_5,98.31665,-276.15265,0.0,top
K2_4,98.334975,-183.95065,0.0,top
K2_3,161.236,-252.857,0.0,top
K2_2,98.29865,-160.655,0.0,top
K2,369.55135,-219.14735,180.0,top
K3_64,107.64165,-160.72735,0.0,top
K3_63,423.47235,-334.772,180.0,top
K3_62,423.527,-426.26665,180.0,top
K3_61,45.575,-425.75865,180.0,top
K3_60,233.98835,-311.15,180.0,top
K3_59,233.87965,-184.15,0.0,top
K3_58,171.6857,-311.24005,180.0,top
K3_57,297.270675,-334.57265,180.0,top
K3_56,360.244675,-242.37065,180.0,top
K3_55,45.538675,-402.53535,180.0,top
K3_54,296.091325,-69.342,0.0,top
K3_53,107.587,-69.2327,0.0,top
K3_52,44.341,-69.03335,0.0,top
K3_51,170.579,-92.456,0.0,top
K3_50,170.63365,-183.95065,0.0,top
K3_49,360.281,-426.0673,180.0,top
K3_48,297.23435,-311.34935,180.0,top
K3_47,107.65965,-276.15265,0.0,top
K3_46,45.52035,-334.264,180.0,top
K3_45,108.476025,-334.264,180.0,top
K3_44,422.383975,-184.2593,0.0,top
K3_43,44.377325,-92.25665,0.0,top
K3_42,297.252675,-219.14735,180.0,top
K3_41,45.484025,-311.0407,180.0,top
K3_40,359.391975,-161.036,0.0,top
K3_39,170.597325,-160.72735,0.0,top
K3_38,171.74035,-402.7347,180.0,top
K3_37,234.079325,-425.86795,180.0,top
K3_36,170.579,-252.92935,0.0,top
K3_35,170.542675,-69.2327,0.0,top
K3_34,360.244675,-402.844,180.0,top
K3_33,233.825,-92.65535,0.0,top
K3_32,422.329325,-92.76465,0.0,top
K3_31,234.024675,-334.3733,180.0,top
K3_30,44.39565,-160.528,0.0,top
K3_29,233.843325,-160.9267,0.0,top
K3_28,108.4397,-311.0407,180.0,top
K3_27,108.530675,-425.75865,180.0,top
K3_26,297.325325,-426.0673,180.0,top
K3_25,107.623325,-92.456,0.0,top
K3_24,170.615325,-276.15265,0.0,top
K3_23,44.431975,-183.7513,0.0,top
K3_22,360.22635,-334.57265,180.0,top
K3_21,422.293,-69.54135,0.0,top
K3_20,108.49435,-402.53535,180.0,top
K3_19,360.20835,-219.14735,180.0,top
K3_18,423.436025,-311.5487,180.0,top
K3_17,360.190025,-311.34935,180.0,top
K3_16,359.37365,-92.76465,0.0,top
K3_15,297.289,-242.37065,180.0,top
K3_14,171.776675,-425.958,180.0,top
K3_13,107.677975,-183.95065,0.0,top
K3_12,107.623325,-252.92935,0.0,top
K3_11,359.4283,-184.2593,0.0,top
K3_10,359.337325,-69.54135,0.0,top
K3_9,233.788675,-69.43205,0.0,top
K3_8,171.722025,-334.46335,180.0,top
K3_7,296.12765,-92.5653,0.0,top
K3_6,296.145975,-160.83665,0.0,top
K3_5,422.34765,-161.036,0.0,top
K3_4,423.490675,-403.04335,180.0,top
K3_3,296.1823,-184.05995,0.0,top
K3_2,234.043,-402.64465,180.0,top
K3,297.289,-402.844,180.0,top
K4_64,99.15035,-402.53535,180.0,top
K4_63,162.378025,-334.5357,180.0,top
K4_62,368.7723,-184.2593,0.0,top
K4_61,116.931,-69.16035,0.0,top
K4_60,162.432675,-426.03035,180.0,top
K4_59,431.673325,-92.76465,0.0,top
K4_58,350.86435,-219.14735,180.0,top
K4_57,414.092025,-311.5487,180.0,top
K4_56,350.88235,-334.645,180.0,top
K4_55,287.89035,-311.34935,180.0,top
K4_54,36.140025,-311.0407,180.0,top
K4_53,224.64435,-311.15,180.0,top
K4_52,53.73965,-160.45565,0.0,top
K4_51,350.900675,-402.844,180.0,top
K4_50,117.021975,-183.95065,0.0,top
K4_49,53.685,-68.961,0.0,top
K4_48,287.908675,-219.14735,180.0,top
K4_47,179.97765,-183.95065,0.0,top
K4_46,287.945,-242.443,180.0,top
K4_45,116.967325,-252.857,0.0,top
K4_44,368.735975,-160.96365,0.0,top
K4_43,116.967325,-92.456,0.0,top
K4_42,162.3417,-311.24005,180.0,top
K4_41,53.775975,-183.7513,0.0,top
K4_40,53.721325,-92.25665,0.0,top
K4_39,243.187325,-160.85435,0.0,top
K4_38,305.47165,-92.5653,0.0,top
K4_37,162.39635,-402.7347,180.0,top
K4_36,350.846025,-311.34935,180.0,top
K4_35,431.637,-69.469,0.0,top
K4_34,414.146675,-403.04335,180.0,top
K4_33,305.5263,-184.05995,0.0,top
K4_32,243.22365,-184.15,0.0,top
K4_31,350.900675,-242.443,180.0,top
K4_30,414.183,-426.339,180.0,top
K4_29,350.937,-426.13965,180.0,top
K4_28,305.435325,-69.26965,0.0,top
K4_27,287.981325,-426.13965,180.0,top
K4_26,368.681325,-69.469,0.0,top
K4_25,36.231,-425.831,180.0,top
K4_24,36.194675,-402.53535,180.0,top
K4_23,99.132025,-334.33635,180.0,top
K4_22,224.680675,-334.44565,180.0,top
K4_21,99.186675,-425.831,180.0,top
K4_20,224.735325,-425.9403,180.0,top
K4_19,287.926675,-334.645,180.0,top
K4_18,116.98565,-160.655,0.0,top
K4_17,179.923,-252.857,0.0,top
K4_16,99.0957,-311.0407,180.0,top
K4_15,431.727975,-184.2593,0.0,top
K4_14,243.132675,-69.3597,0.0,top
K4_13,287.945,-402.844,180.0,top
K4_12,414.12835,-334.84435,180.0,top
K4_11,305.489975,-160.7643,0.0,top
K4_10,179.923,-92.456,0.0,top
K4_9,36.17635,-334.33635,180.0,top
K4_8,431.69165,-160.96365,0.0,top
K4_7,243.169,-92.65535,0.0,top
K4_6,179.959325,-276.15265,0.0,top
K4_5,224.699,-402.64465,180.0,top
K4_4,179.941325,-160.655,0.0,top
K4_3,117.00365,-276.15265,0.0,top
K4_2,368.71765,-92.76465,0.0,top
K4,179.886675,-69.16035,0.0,top
ULN2803A_32,104.14,-56.96835,90.0,top
ULN2803A_31,363.728,-438.33165,270.0,top
ULN2803A_30,300.717675,-346.837,270.0,top
ULN2803A_29,175.223675,-438.22235,270.0,top
ULN2803A_28,363.691675,-254.635,270.0,top
ULN2803A_27,40.94865,-148.26365,90.0,top
ULN2803A_26,111.923025,-346.52835,270.0,top
ULN2803A_25,111.977675,-438.023,270.0,top
ULN2803A_24,426.91935,-347.03635,270.0,top
ULN2803A_23,167.132,-240.665,90.0,top
ULN2803A_22,292.698975,-148.5723,90.0,top
ULN2803A_21,418.90065,-148.77165,90.0,top
ULN2803A_20,237.526325,-438.1323,270.0,top
ULN2803A_19,300.772325,-438.33165,270.0,top
ULN2803A_18,300.736,-254.635,270.0,top
ULN2803A_17,48.96735,-346.52835,270.0,top
ULN2803A_16,418.846,-57.277,90.0,top
ULN2803A_15,104.176325,-240.665,90.0,top
ULN2803A_14,104.19465,-148.463,90.0,top
ULN2803A_13,426.974,-438.531,270.0,top
ULN2803A_12,175.169025,-346.7277,270.0,top
ULN2803A_11,355.890325,-57.277,90.0,top
ULN2803A_10,40.894,-56.769,90.0,top
ULN2803A_9,363.67335,-346.837,270.0,top
ULN2803A_8,230.341675,-57.1677,90.0,top
ULN2803A_7,237.471675,-346.63765,270.0,top
ULN2803A_6,49.022,-438.023,270.0,top
ULN2803A_5,167.095675,-56.96835,90.0,top
ULN2803A_4,292.644325,-57.07765,90.0,top
ULN2803A_3,230.396325,-148.66235,90.0,top
ULN2803A_2,355.944975,-148.77165,90.0,top
ULN2803A,167.150325,-148.463,90.0,top
